rowid,datec,tms,ref,label,description,note,price
5,,,0011C2560,,,,403 100,00 €
6,,,0011C2562,LEXMARK FORMS PRINTERS 2581 438 CPS,,,125 760,00 €
7,,,0011C2564,LEXMARK 2590,,,289 624,00 €
8,,,0021Z0188,LEXMARK C935HDN :,,,0,00 €
9,,,0033S0412,LEXMARK E350d :,,,0,00 €
10,,,0202-120,AXIS CAMERA STATION BASE PACK :,,,0,00 €
11,,,0202-220,AXIS CAMERA STATION BASE PACK :,,,0,00 €
12,,,0273-002,AXIS CAMERA RESEAU 215PTZ,,,0,00 €
13,,,0278-002,AXIS CAMERA RESEAU 216MFD,,,0,00 €
14,,,0497537,TOK2 MICROCHAIN LHC820 EMUC,,,52 650,00 €
15,,,0578427,DESTRUCTEUR V60WS-23 L,,,44 475,00 €
16,,,0580704,COLOR PRINTER 30 COMBI LOGO 5L,,,10 500,00 €
17,,,06-001-010-245,Enveloppe MF,,,0,00 €
18,,,062471,RUBAN TALLY 2280,,,10 725,00 €
19,,,0708552,R13 IMAGE & MUSICREF PROMO,,,5 000,00 €
20,,,0863639,PRINTER 40/2 SET COMBI LOGO 6L,,,15 500,00 €
21,,,1040998,RUBAN IBM 6400 / 6412,,,9 685,00 €
22,,,1043633,TRACTEUR ASSY LEFT ,,,7 800,00 €
23,,,1053685,RUBAN IBM 4247,,,21 125,00 €
24,,,10752564,NORTON ANTIVIRUS 2007 SYSTEMBUILDER,,,25 350,00 €
25,,,11041010K0000,SELFPROTEC CYCLONE 10K ST,,,0,00 €
26,,,1133768,DESTRUCTEUR COUPE CR PS 65 C-23L,,,45 500,00 €
27,,,11A3540,RUBAN NOIR LEXMARK 2480-81-90-91,,,4 420,00 €
28,,,12096,CARTOUCHE IMATION SLR 25/50 Go,,,79 625,00 €
29,,,12206294,SYMANTEC ANTIVIRUS RESEAU EDITION SMALL BUSINESS PACK : ,,,0,00 €
30,,,12706484,SYMANTEC VLP / A ENDPOINT PROTECTION LICENCE 11.0,,,31 200,00 €
31,,,12706487,SYMANTEC VLP / B ENDPOINT PROTECTION 11.0 :,,,0,00 €
32,,,12725207,NORTON ANTIVIRUS 2008 (3 Users),,,0,00 €
33,,,12755367,Symantec Endpoint Protection Business Pack - (version 11),,,0,00 €
34,,,12755368,SYMANTEC MEDIA  ENDPOINT PROTECTION LICENCE 11.0,,,17 225,00 €
35,,,12775327,NORTON ANTIVIRUS 2008 FA CD RET : 3 postes,,,0,00 €
36,,,12881,"DISQUETTES 3.5"" ",,,1 625,00 €
37,,,12941592,SYMANTEC NVA 2008 OEM 1 AN,,,0,00 €
38,,,13121169,SYMANTEC NAV 2008 - 1 USER,,,0,00 €
39,,,13909770,SYMANTEC VLP/B MULTI-TIER PROTECTION 11.0.2 LICENCE : ,,,0,00 €
40,,,14069237,SYMANTEC PROTECTION 11.0.2 FR CD MEDIA PACK,,,0,00 €
41,,,14284,MODEM TRUST PCI V92 56 Ko,,,0,00 €
42,,,14526268,SYMANTEC NORTON ANTIVIRUS 2009, PACK DE 1 FR,,,0,00 €
43,,,1487578,epson tracteur front left unit,,,48 900,00 €
44,,,1487579,,,,35 632,00 €
45,,,15050,epson TMU220b noire  + alim,,,373 025,00 €
46,,,1545-LC-LC-2=,FIBER PATCHCORD - LC to LC - 2m,,,0,00 €
47,,,16-001-010-228,Enveloppe GF,,,0,00 €
48,,,16-001-020-033,Bloc-Notes Direction A4,,,0,00 €
49,,,16-001-020-238,Enveloppe kraft 280x656 (Format A3),,,0,00 €
50,,,16-001-020-542,Sous-Chemises - Pqt/30,,,0,00 €
51,,,16-001-021-245,Enveloppe kraft A5,,,0,00 €
52,,,16-001-021-246,Enveloppe kraft 229x324 pqt 80 A4,,,0,00 €
53,,,16-001-021-681,Chemise à sangle kraft,,,0,00 €
54,,,16-001-021-687,Chemises cartonnées 250 grs - Pqt/100,,,0,00 €
55,,,16-001-021-773,Enveloppes C5,,,0,00 €
56,,,16-003-010-240,Marker onyx conté,,,0,00 €
57,,,16-003-011-146,Stylo Bic Cristal Paquet/50 B.N,,,0,00 €
58,,,16-003-020-138,Correcteur à encre, et diluant,,,0,00 €
59,,,16-003-020-246,Numéroteur,,,0,00 €
60,,,16-003-020-568,Trombones : btes de 1000,,,0,00 €
61,,,16-003-021-384,Agrafeuse grand modèle,,,0,00 €
62,,,16-003-021-482,Colle blanche abc pinceau,,,0,00 €
63,,,16-003-021-822,Crayon Conté HB (pièces),,,0,00 €
64,,,16-003-023-134,Dictionnaire LAROUSSE,,,0,00 €
65,,,16-003-023-249,Perforateur 2 trous,,,0,00 €
66,,,17-003-010-075,Papier photocopie A4,,,0,00 €
67,,,17-003-010-227,Enveloppes blanches C5,,,0,00 €
68,,,17-003-020-075,Papier photocopie formule 80 G,,,0,00 €
69,,,17-003-020-106,Rame photocopie A4 blanc (Clairalfa),,,0,00 €
70,,,1841-SEC/K9,router cisco ,,,0,00 €
71,,,187421-B21,HP 4 Go (2x2 Go) PC 1600/200 MHz,,,0,00 €
72,,,18Y0144E,LEXMARK CARTOUCHE NOIRE N°44,,,0,00 €
73,,,18YX143E,LEXMARK CARTOUCHE COULEUR N°43,,,0,00 €
74,,,19001,CDRW 700MB 80MN,,,6 145,00 €
75,,,2023801,ALIMENTATION DFX8500,,,123 500,00 €
76,,,21061,DVDRW 4.7 GO 4X (pack de 10) imation,,,6 175,00 €
77,,,21Z0188,LEXMARK C935hdn,,,0,00 €
78,,,228-04459,MICROSOFT SQL SERVER STD 2005 FR,,,562 300,00 €
79,,,228-05242,SQL SERVER STD Edition 2005 win32 French disk kit MVL CD/DVD,,,173 300,00 €
80,,,244165-001,,,,75 000,00 €
81,,,2516B007,CANON IXUS 80 IS Brun : ,,,0,00 €
82,,,252663-B21,HP PDU unité de distribution d'alimantation ,,,245 344,00 €
83,,,252663-B31,HP PDU unite de distribution d'alimantation  (montage en rack, 32 connecteurs de sorties),,,259 380,00 €
84,,,262587-B21,PACK DE 8 ADAPTATEURS PS/2,,,368 016,00 €
85,,,263474-B22,HP CABLE RESEAU RJ 45,,,14 760,00 €
86,,,264007-B21,HP LECTEUR DVD ROM SLIM ,,,142 000,00 €
87,,,269-013608,MICROSOFT OFFICE  2007 OPK MASTER KIT,,,120 704,00 €
88,,,269-11645,OFFICE PRO 2007 W32 FR ,,,135 850,00 €
89,,,269-13718,MICROSOFT OFFICE PRO 2007 OEM (Média non inclus),,,0,00 €
90,,,274427-001,ALIMENTATION COMPAQ EVO D500/510,,,55 250,00 €
91,,,277910-001,HP ALIMENTATION : ,,,0,00 €
92,,,2811-HSEC/K9,CISCO 2811 SECURITY BUNDLE, AIM-VPN : ,,,0,00 €
93,,,2821-HSEC/K9,router cisco 2821 ,,,1 502 240,00 €
94,,,286714-B22,DISQUE DUR HP SCSI 72 Go HOT PLUG 10000 RPM,,,123 984,00 €
95,,,286716-B22,DISQUE DUR HP SCSI 146 Go HOTP PLUG 10000 RPM,,,189 584,00 €
96,,,286778-B22,DISQUE DUR HP SCSI 72 Go HOT PLUG U320 15000 RPM,,,144 320,00 €
97,,,290563-B21,HP CARTE RESEAU ETHERNET GIGABIT NC7771,,,0,00 €
98,,,308437-001,HP ALIMENTATION : ,,,0,00 €
99,,,31P7410,LENOVO MINI SOURIS OPTIQUE,,,11 375,00 €
100,,,325246-051,HP PROLIANT ML570 G2 TOUR 7U, 4 voies :,,,0,00 €
101,,,325252-B21,HP KIT PROCESSEUR XEON MP 2 GHz / 1 Mo,,,0,00 €
102,,,331346-B21,HP LECTEUR COMBO DVD-CDRW 16x pour PROLIANT,,,0,00 €
103,,,331903-B21,HP LECTEUR COMBO SLIM DVD-CDRW 8x pour PROLIANT,,,0,00 €
104,,,336044-B21,HP SERVER CONSOLE SWITCH :,,,383 359,00 €
105,,,33931,DISQUE DUR PORTABLE 250 10 Go,,,106 275,00 €
106,,,33994,DISQUE DUR EXTERNE 1.5TO USB2,,,0,00 €
107,,,343055_B21,PC3200 DDR 2X512MB,,,135 200,00 €
108,,,343056-B21,MEMOIRE 2 Go PC 3200 ECC :,,,0,00 €
109,,,347708-B22,HP DISQUE DUR 146 Go U320 15K RPM pour ML/DL,,,0,00 €
110,,,348108-B21,KIT DE VENTILATEUR REDONDANT HP,,,61 750,00 €
111,,,349239-B21,HP HDD 250 Go SATA-150 pour ML310 G5,,,0,00 €
112,,,358352-B21,HP ALIMENTATION REDONDANTE pour ML350 G4,,,0,00 €
113,,,359-01915,SQL CAL 2005 French OLP NL Device CAL,,,103 200,00 €
114,,,359-05037,MICROSOFT OPEN/A SQL CAL 2008 : Single User,,,0,00 €
115,,,372702-B21,HP FLOPPY-DL320,,,32 500,00 €
116,,,372772-001,HP BATTERIE pour PC PORTABLE : ,,,0,00 €
117,,,374668-051,CLAVIER AZERTY HP CARBONE,,,19 500,00 €
118,,,375004-B21,HP KIT 4 Go (2x2 Go) ECC DDR2 PC3200,,,0,00 €
119,,,375861-B21,"HP DISQUE DUR 72 Go Hot-Plug 10K SAS 2.5"" pour SERVEUR, 10000 RPM",,,182 655,00 €
120,,,375868-B21,"HP HDD 36.4 Go SAS 3.5"" 15000 RPM",,,0,00 €
121,,,375870-B21,HP DISQUE DUR 72 Go 15K SAS  POUR SERVEUR,,,205 902,00 €
122,,,375872-B21,DISQUE DUR HP 146 Go HOT PLUG SAS 3.5'' 15000 RPM : ,,,195 000,00 €
123,,,379123-001,ALIMENTATION SERVEUR DL 380,,,55 250,00 €
124,,,383974-B21,HP DVD/RW IDE INTERNE,,,75 000,00 €
125,,,383975-B21,HP GRAVEUR DVDRW POUR PROLIANT DL,,,75 000,00 €
126,,,390164-B21,LECTEUR DE DISQUETTE HP POUR PROLIANT DL, ML,,,75 000,00 €
127,,,395-04052,MICROSOFT EXCHANGE SERVER 2007 ENTERPRISE EDITION,,,0,00 €
128,,,395498-B21,HP DVDRW-DL320,,,74 425,00 €
129,,,397409-B21,EXTENSION 1 Go (2 x 512 Mo) DDR2 pour PROLIANT,,,0,00 €
130,,,397411-B21,HP KIT MEMOIRE 2 x 1 Go : ,,,0,00 €
131,,,397413-B21,HP KIT 4 Go (2 x 2 Go) ECC DDR2 PC5300,,,0,00 €
132,,,397415-B21,HP EXTENSION RAM 8 Go (2x4 Go) DDR2 PC2-5300,,,0,00 €
133,,,398705-051,HP Barrette mémoire 512 Mo pour ML350 G5 :,,,0,00 €
134,,,399542-B21,HP ALIMENTATION REDONDANTE HOT-PLUG DL360 G5,,,0,00 €
135,,,399550-B21,HP SMART ARRAY P400i 256 Mo,,,0,00 €
136,,,399771-021,ALIMENTATION REDONTANTE HOT-PLUG pour PROLIANT,,,0,00 €
137,,,399771-B21,ALIMENTATION REDONDANTE HP HOT PLUG,,,88 888,00 €
138,,,3CR17333-91M,3COM Commutateur Ethernet Géré 4210 26 ports :,,,0,00 €
139,,,400693-B21,HP VENTILATEUR REDONDANT pour ML370 G5,,,0,00 €
140,,,405148-B21,MISE A JOUR CACHE DE 512 Mo SA P400i,,,0,00 €
141,,,407094-MDI,LECTEUR GRAVEUR DVD Slim,,,20 000,00 €
142,,,408838-421,HP PROLIANT DL385 G2 : ,,,0,00 €
143,,,408850-B21,HP KIT 1 Go (2 x 512 Mo) DDR2 - PC5300,,,0,00 €
144,,,408851-B21,HP KIT 2 Go (2 x 1 Go) DDR2 - PC5300,,,0,00 €
145,,,40913,RUBAN DYMO,,,10 885,00 €
146,,,409582-B21,HP FLOPPY ML350/370,,,0,00 €
147,,,40Y7735,IBM EXTENSION RAM 2 Go SO-DIMM DDR-2 / PC2-5300,,,0,00 €
148,,,411064-B21,HP SMART-ARRAY P400/512 Mb,,,305 000,00 €
149,,,411508-B21,SMART ARRAY HP  E200/128 BBWC :,,,182 368,00 €
150,,,41262,CARTOUCHE DE SAUVEGARDE 8MM 170M 20Go,,,37 000,00 €
151,,,415900-421,HP PROLIANT DL320s RACK 2U,,,968 584,00 €
152,,,416096-B21,HP SC44GE CONTROLEUR DE STOCKAGE (SAS),,,83 525,00 €
153,,,416561-421,HP PROLIANT DL360 ENTRY RACK 1U : ,,,0,00 €
154,,,416565-421,HP PROLIANT DL360 G5 BASE RACK,,,0,00 €
155,,,417188-051,HP PROLIANT ML370 G5 XN5150,,,2 721 006,00 €
156,,,417439-051,HP Mémoire PC2-5300E-555-12 1 Go,,,0,00 €
157,,,417444-051,HP PROLIANT ML 370 G5 XN5120,,,1 970 460,00 €
158,,,417456-421,HP PROLIANT DL380 G5 : ,,,0,00 €
159,,,418045-421,HP PROLIANT DL320 G5 RACK 1U,,,601 250,00 €
160,,,418371-B21,DISQUE DUR SAS SERVEUR 72GB,,,240 000,00 €
161,,,418408-B21,HP STORAGEWORKS MSA 60 :,,,0,00 €
162,,,4247-003,IBM 4247 MODELE 003 : ,,,0,00 €
163,,,4247-4270,IBM Ethernet pour imprimante 4247 (003 et V03) : ,,,0,00 €
164,,,4247-4280,IBM Ethernet IPDS pour Imprimante 4247 (003 et V03) : ,,,0,00 €
165,,,430811-421,HP PROLIANT DL580 G4 4U :,,,0,00 €
166,,,430819-B21,HP KIT Processeur Xéon Dual Core 7110M - 2.5 GHz,,,0,00 €
167,,,431935-B21,"HP HDD 72 Go SAS 15K RPM 2.5""",,,0,00 €
168,,,431958-B21,HP DISQUE DUR 146 Go 10K SAS POUR SERVEUR : ,,,254 610,00 €
169,,,43244,CD-RW  VERBATIM 700 Mo,,,11 375,00 €
170,,,43325,CD-R 700 Mo 52x VERBATIM SUPERAZO ,,,6 825,00 €
171,,,43347,IMATION DAT DDS-2 4/8Go,,,3 900,00 €
172,,,433524-421,HP PROLIANT DL380 G5 HIGH PERFORMANCE RACK 2U : ,,,0,00 €
173,,,433526-421,HP PROLIANT DL380 G5 RACK 2U,,,863 955,00 €
174,,,433527-421,HP PROLIANT DL380 G5 RACK BIDIRECTIONNEL : ,,,0,00 €
175,,,43497,DVD-R VERBATIM 4.7 Go,,,6 175,00 €
176,,,43521,DVD VERBATIM 4.7 GO 16X (pack de 10),,,6 175,00 €
177,,,437437-051,HP PROLIANT ML370 BASE TOUR 5U 2 VOIES : ,,,0,00 €
178,,,438089-421,HP PROLIANT DL 580 G5 BASE RACK,,,4 735 250,00 €
179,,,438313-421,HP PROLIANT DL360 G5 BASE RACK :,,,0,00 €
180,,,440188-051,HP PROLIANT ML350 G5 TOUR 5U :,,,0,00 €
181,,,440300-002,HP DISQUE DUR 160 Go SATA Hot-Plug,,,0,00 €
182,,,442084-B21,HP CLE USB 256 Mo (Lecteur de disquettes),,,0,00 €
183,,,445203-421,HP PROLIANT DL160 G5 RACK 1U : ,,,0,00 €
184,,,445341-055,HP PROLIANT ML 310 G5 TOUR 5U,,,797 040,00 €
185,,,445985-B21,HP CAGE pour HDD DL160 G5,,,0,00 €
186,,,446079-B21,HP PROCESSEUR QUAD-CORE XEON E5430 - 2.66 GHz,,,0,00 €
187,,,449774-B21,HP KIT PROCESSEUR AMD 2356 / 2.3 GHz pour DL385,,,0,00 €
188,,,451453-421,HP PROLIANT DL380 G5 RACK 2U,,,0,00 €
189,,,452130-B21,CABLE SERIAL  ATA / SAS  4 VOIES,,,22 632,00 €
190,,,455948-055,HP PROLIANT ML110 G5 M-TOUR 4U :,,,0,00 €
191,,,457922-421,HP SERVEUR PROLIANT DL360 G5 PERFORMANCE RACK 1U,,,4 170 000,00 €
192,,,457926-421,HP PROLIANT DL360 G5 ENTRY RACK 2 Voies :,,,0,00 €
193,,,457941-B21,HP KIT PROCESSEUR INTEL QUAD CORE XEON E5405 - 2 GHz pour DL360 G5,,,0,00 €
194,,,458243-421,HP PROLIANT ML350 G5 BASE RACK 2 voies :,,,0,00 €
195,,,458244-051,HP PROLIANT ML350 ENTRY TOUR 2U,,,0,00 €
196,,,458346-421,HP PROLIANT ML370 G5 BASE RACK, 2 voies :,,,0,00 €
197,,,458347-421,HP PROLIANT ML370 G5 : ,,,0,00 €
198,,,458348-421,HP PROLIANT ML370 G5 ENTRY RACK 2U (2 voies) :,,,0,00 €
199,,,458414-B21,HP KIT PROCESSEUR INTEL XEON E5430 - 2.66 GHz,,,0,00 €
200,,,458562-421,HP PROLIANT DL380 G5 : ,,,0,00 €
201,,,458567-421,HP PROLIANT DL380 G5 : ,,,0,00 €
202,,,458926-B21,"HP DISQUE DUR 250 Go SATA LFF 3.5"" 7200 RPM",,,0,00 €
203,,,458928-B21,"HP DISQUE DUR 500 Go Echangeable à chaud 3.5"" SATA - 150 - 7200 RPM",,,0,00 €
204,,,458930-B21,"HP DISQUE DUR 750 Go SATA LFF 3.5"" 7200 RPM",,,0,00 €
205,,,458947-B21,"HP HDD 160 Go 3.5"" SATA-300",,,0,00 €
206,,,459586-425,HP PROLIANT DL380 G5 RACK 2U, 2 Voies : ,,,0,00 €
207,,,461453-421,HP PROLIANT DL380 G5 RACK 2U : ,,,0,00 €
208,,,462483-B21,HP 1 GB Registered PC2-5300 DDR2 Kit,,,0,00 €
209,,,464238-425,HP PROLIANT DL385 G5 : ,,,0,00 €
210,,,470064-313,HP PROLIANT ML 350 G5 TOUR,,,1 066 344,00 €
211,,,470064-314,HP ML350 G5 XEON 5110,,,1 140 750,00 €
212,,,470064-483,HP PROLIANT ML370 G5 : ,,,0,00 €
213,,,470064-655,HP PROLIANT ML110 M-TOUR 4U : ,,,0,00 €
214,,,470064-656,HP PROLIANT ML110 TOUR-4U : ,,,0,00 €
215,,,470401,tube de dessin LOCAU LONGEUR 100 cm DIAMTRE 60cm,,,0,00 €
216,,,470902,TUBE DE DESSIN TELESCOPIQUE  LOCAU (etirable jusqu'a120 cm diametre 80mm) avec capsule visé,,,0,00 €
217,,,48-002-020-101,Encre HP couleur 134,,,0,00 €
218,,,48-002-020-131,Encre HP 56,,,0,00 €
219,,,48-002-020-132,Encre HP 57,,,0,00 €
220,,,48-002-020-384,Canon Toner pour copieur,,,0,00 €
221,,,48-002-020-568,CANON Toner pour COPIEUR IR,,,0,00 €
222,,,5048,ETIQUETTES DE RANGEMENT CD-DVD  MIRCO APPLICATION,,,0,00 €
223,,,505214E,voice entrerprise 4xmc55,,,1 218 169,00 €
224,,,5062375,CANON DR-9080C  SCANNER DE DOCUMENTS RECTO/VERSO,,,1 105 000,00 €
225,,,51604A,CARTOUCHE ENCRE NOIRE HP-THINJJET ET QUIETJET,,,6 000,00 €
226,,,51629AE,CARTOUCHE D'ENCRE N°29,,,14 885,00 €
227,,,51645AE,CARTOUCHE D'ENCRE N°45,,,13 130,00 €
228,,,51649A,CARTOUCHE 3  COULEURS HP N° 49,,,15 275,00 €
229,,,53330,CARTOUCHE COULEUR ADVANTEC BRAVO 1 et 2,,,27 000,00 €
230,,,53331,CARTOUCHE NOIR ADVANTEC BRAVO 1 et 2,,,27 000,00 €
231,,,53713,RUBAN D1 2.4cm sur 7m,,,20 500,00 €
232,,,6031475,CANON Copieur iR 2018 simple (avec Cache Expo),,,841 320,00 €
233,,,6031477,CANON Copieur iR2022 simple :,,,1 356 075,00 €
234,,,633808523176,scanner code bar a barres usb,,,92 420,00 €
235,,,66833,ONDULEUR NOVA 1100 VA,,,100 629,00 €
236,,,66J-02293,MICROSOFT WINDOWS VISTA,,,81 250,00 €
237,,,66J-02326,MICROSOFT VISTA BUSINESS OEM DVD ENGLISH,,,0,00 €
238,,,66J-02329,WINDOWS VISTA Business 32 Bit Fr DSP 30EI DVD,,,0,00 €
239,,,66J-05570,MICROSOFT OEM VISTA BUSINESS SP1,,,282 263,00 €
240,,,68452,MGE PULSAR EVOLUTION 850 Line Interactif / 850 VA,,,0,00 €
241,,,71P3597,LENOVO SACOCHE ,,,29 250,00 €
242,,,79P-00123,MICROSOFT OPEN / A OFFICE PROFESSIONNEL PLUS 2007,,,0,00 €
243,,,810-07386,MICROSOFT SQL SERVER ENTREPRISE 2008,,,0,00 €
244,,,81905,RUBAN TALLY T6180,,,87 425,00 €
245,,,82727,RUBAN 40 M T6215,,,8 500,00 €
246,,,87410,"DISQUETTES VERBATIM 3.5"" ",,,1 650,00 €
247,,,92298A,TONER HP LASERJET 4/4M/4M+/5/5M,,,44 720,00 €
248,,,931142-1600,LOGITECH SOURIS OPTIQUE USB,,,0,00 €
249,,,94N-00002,MICROSOFT LIFECAM NX-6000 USB,,,0,00 €
250,,,99012,"ETIQUETTES DYMO ""adresse""89x36 (S0722400)",,,0,00 €
251,,,A5K-01009,MICROSOFT SQL SERVER 2005,,,0,00 €
252,,,AC160,SIEMENS GICASET AC160 TELEPHONE FIXE SANS FIL,,,0,00 €
253,,,ACCESS,Accessoires ,,,0,00 €
254,,,ACCESSO,SOURIS PS/2,,,0,00 €
255,,,ACCESSOIRES,CHARGEUR UNIVERSEL pour PILES,,,0,00 €
256,,,ADA-AHA-29160,KIT ADAPTEC 29160,,,0,00 €
257,,,AE308A,HP Lecteur de DAT 36/72 Go,,,431 730,00 €
258,,,AE374AT,HP LECTEUR DAT 72 TV,,,431 730,00 €
259,,,AF001A,HP RACK 10642 G2 42U CARBONE,,,0,00 €
260,,,AF014A,HP RACK 10636 G2 (36U) : ,,,0,00 €
261,,,AF054A,HP PANNEAUX LATERAUX pour RACK 10642 G2,,,0,00 €
262,,,AFP0010SE,KIT PDA SEQ/1.5m (PARAFOUDRE),,,152 000,00 €
263,,,AFV0907CF,controleur +2 raccords pour parafoudre,,,0,00 €
264,,,AG055A,HP CONSOLE KVM :,,,1 375 599,00 €
265,,,AG768AM,HP STORAGEWORKS MSA 60 STARTER KIT : ,,,0,00 €
266,,,AH058AT,HP 1 Go PC2-6400 DDR2-800 (Extension RAM),,,0,00 €
267,,,AIRWLC440212,CISCO 4400 SERIES Wlan,,,2 761 200,00 €
268,,,ALIM,CHARGEUR / ALIMENTATION TYPE UNIVERSEL 100-240V / 120W,,,0,00 €
269,,,ALIM_ML310,ALIMENTATION ML310,,,220 000,00 €
270,,,ALIM_ML350,ALIMENTATION ML350,,,270 000,00 €
271,,,ALIM_ML370,ALIMENTATION ML370,,,270 000,00 €
272,,,ALIM_SERVRED,ALIMENTATION SERVEUR REDONDANTE,,,270 000,00 €
273,,,ALPHA500NSX,UNITEK ONDULEUR 500 VA IN LINE,,,0,00 €
274,,,ALPHA800NSX,UNITEK ONDULEUR 800 VA IN LINE,,,0,00 €
275,,,AP355ET,HP BASIC MESSENGER NOTEBOOK CASE (SACOCHE POUR PORTABLE),,,0,00 €
276,,,APC1000,ONDULEUR APC 1000/1500VA,,,150 000,00 €
277,,,APC2KVA,ONDULEUR APC 2KVA,,,880 000,00 €
278,,,APC500VA,ONDULEUR APC 350/500VA,,,85 000,00 €
279,,,APC-E15,APC PRISES PARAFOUDRES,,,0,00 €
280,,,ARMOIRE_9U,ARMOIRE 9U,,,350 000,00 €
281,,,AS_LOGICIEL,AUTRES SUITES LOGICIELLES,,,0,00 €
282,,,ASA5540-AIP20,ASA 5540 Appliance w/ AIP-SSM-20, SW, HA, 4GE+1FE, 3DES/AE,,,0,00 €
283,,,ASLELJ2200,HP FUSER FILM SLEEVE :,,,0,00 €
284,,,ASSIST_SESAME,ASSISTANCE SOFT SESAME,,,0,00 €
285,,,AUDI00001,Audit de l'architecture du Réseau du PAD,,,2 250 000,00 €
286,,,AZERTY,CLAVIER AZERTY,,,10 000,00 €
287,,,B11B181021,EPSON GT-2500 SCANNER A PLAT A3,,,0,00 €
288,,,B11B181071,EPSON GT-2500 PLUS SCANNER,,,0,00 €
289,,,BAR_ELEC,BARRETTTE ELECTRIQUE,,,20 000,00 €
290,,,BARRETTE MEMOIR,512MB PC2-5300F-555-11-AO, DDR2-667-CL5-ECC,,,41 580,00 €
291,,,BATT_LPC,BATTERIE POUR PORTABLE COMPAQ,,,70 000,00 €
292,,,BOBINE_FAX,BOBINE POUR TELECOPIEUR,,,15 000,00 €
293,,,BR_LP256MB,BARRETTE MEMOIRE PORTABLE 256MB,,,35 000,00 €
294,,,BR1000-FR,ONDULEUR APC RS 1000,,,130 650,00 €
295,,,BR1500-FR,APC Back-UPS RS 1500 VA - Onduleur CA 230 V :,,,0,00 €
296,,,BRI-800B-1/125,BRILLANCA Rame de papier 800 B 1/125, de format 65 x 100,,,0,00 €
297,,,BRI-801B-1/215,BRILLANCA Rame de Papier 801 B 1/215, de format 65 x 100,,,0,00 €
298,,,BUDGETONE 200,TELEPHONE IP D'ENTREE DE GAMME,,,0,00 €
299,,,BY-PASS-IR2200,ROULEAU DE PRISE PAPIER IR 2200 BY PASS,,,7 500,00 €
300,,,C A3-803-50/101,CREATIVE SYSTEM Ramette A3 de 100 feuilles / Papier de luxe 101 g/m2,,,0,00 €
301,,,C A4-800-50/100,CREATIVE SYSTEM Ramette A4 de 250 feuilles / Papier de luxe 100g/m2,,,0,00 €
302,,,C11C272152,EPSON LQ-2180,,,376 544,00 €
303,,,C11C376025,EPSON LQ-680 : ,,,0,00 €
304,,,C11C396085,EPSON DLQ-3500,,,0,00 €
305,,,C11C480019,EPSON LQ-630 : ,,,0,00 €
306,,,C11C526022,EPSON FX-2190,,,0,00 €
307,,,C11C605011BZ,EPSON DFX 9000,,,2 324 700,00 €
308,,,C11C638001,EPSON LQ-300+II : ,,,0,00 €
309,,,C11C640041,EPSON LX-300+ :,,,0,00 €
310,,,C13S015086,RUBAN EPSON LQ 2070,,,13 000,00 €
311,,,C13S015262,RUBAN EPSON LQ-680,,,4 745,00 €
312,,,C13SO15055,RUBAN EPSON DFX-5000,,,13 325,00 €
313,,,C13SO15384,RUBAN NOIR EPSON DFX-9000,,,12 515,00 €
314,,,C1823DE,CARTOUCHE D'ENCRE N°23,,,14 300,00 €
315,,,C31C151283,EPSON TM-U950 IMPRIMANTE à RECU :,,,0,00 €
316,,,C31C176252,EPSON TM-U950P : ,,,0,00 €
317,,,C31C636032,EPSON TM T88IV :,,,0,00 €
318,,,C3903A,TONER HP LASERJET 5P,,,30 000,00 €
319,,,C4092A,HP TONER NOIR pour LASERJET 1100,,,25 155,00 €
320,,,C4096A,TONER 96A,,,15 000,00 €
321,,,C4127A,TONER NOIR HP 4000,,,15 000,00 €
322,,,C4180X,CARTOUCHE D'ENCRE C4180X,,,14 300,00 €
323,,,C4338AE,CARTOUCHE JAUNE HP N°11,,,14 235,00 €
324,,,C4836AE,CARTOUCHE CYAN N°11,,,14 300,00 €
325,,,C4844AE,CARTOUCHE NOIRE HP N°10,,,14 105,00 €
326,,,C5708A,CARTOUCHE HP DDS3 12/24 Go,,,2 113,00 €
327,,,C5718A,CARTOUCHE HP DDS4 20/40 Go,,,3 153,00 €
328,,,C5E-00251,MICROSOFT visual studio pro2008 fr,,,0,00 €
329,,,C6036A,ROULEAU HP A0 BLANC BRILLANT 90g,,,13 650,00 €
330,,,C6074B,HP DESIGNJET 1050C A0 64 Mo 10/100,,,0,00 €
331,,,C6515DE,CARTOUCHE COULEUR HP DESKJET 970 CXI N°78,,,14 300,00 €
332,,,C6578DE,CARTOUCHE D'ENCRE N°78,,,14 300,00 €
333,,,C6615DE,CARTOUCHE D'ENCRE N°15,,,12 025,00 €
334,,,C6625AE,CARTOUCHE COULEUR HP N°17,,,13 325,00 €
335,,,C6656AE,CARTOUCHE D'ENCRE N°56,,,8 775,00 €
336,,,C6657AE,CARTOUCHE D'ENCRE N°57,,,14 300,00 €
337,,,C7115A,HP TONER NOIR pour LASERJET 1200,,,26 325,00 €
338,,,C7972A,CARTOUCHE HP ULTRIUM 2 (200/400 Go),,,15 600,00 €
339,,,C7978A,CARTOUCHE UNIVERSELLE DE NETTOYAGE HP, ULTRIUM,,,37 570,00 €
340,,,C8061A,TONER NOIR HP 4100,,,15 000,00 €
341,,,C8151A,HP DESKJET 460CB,,,160 064,00 €
342,,,C8174A,HP BUSINESS INKJET 2800,,,0,00 €
343,,,C818160,TROUSSE DE MAINTENANCE ,,,5 000,00 €
344,,,C8185A,HP OFFICEJET PRO K5400 DN :,,,98 400,00 €
345,,,C8258A,HP UNITE RECTO/VERSO A3,,,0,00 €
346,,,C8543X,TONER HP LASERJET ULTRA PRECISE,,,119 925,00 €
347,,,C8547A,HP LASERJET COLOR 9500 HDN,,,4 893 760,00 €
348,,,C8547AR,HP COLOR  LASERJET 9500HDN ,,,4 927 500,00 €
349,,,C8721EE,CARTOUCHE HP N°363 NOIRE,,,7 000,00 €
350,,,C8727AE,CARTOUCHE D'ENCRE N°27,,,7 995,00 €
351,,,C8728AE,CARTOUCHE D'ENCRE N°28,,,9 230,00 €
352,,,C8766EE,CARTOUCHE 3 COULEURS HP N° 343,,,10 075,00 €
353,,,C8766HE,CARTOUCHE D'ENCRE N°339,,,9 425,00 €
354,,,C8767EE,CARTOUCHE ENCRE NOIRE  HP 800 PAGES,,,6 500,00 €
355,,,C8767HE,CARTOUCHE D'ENCRE N°338,,,11 245,00 €
356,,,C8771EE,CARTOUCHE HP N°363 CYAN,,,4 550,00 €
357,,,C8772EE,CARTOUCHE HP N°363 MAGENTA   ,,,4 550,00 €
358,,,C8773EE,CARTOUCHE HP N°363 JAUNE,,,4 550,00 €
359,,,C8969B,HP DESKJET 6980 : ,,,0,00 €
360,,,C8969C, hp deskjet 6983,,,129 166,00 €
361,,,C8970C,HP DESKJET 6943 :,,,120 000,00 €
362,,,C9277A,HP OFFICEJET PRO SERIE K5400DTN,,,125 750,00 €
363,,,C9351AE,CARTOUCHE D'ENCRE N°21,,,6 500,00 €
364,,,C9352AE,CARTOUCHE D'ENCRE N°22,,,7 345,00 €
365,,,C9363HE,CARTOUCHE D'ENCRE N°344,,,13 000,00 €
366,,,C9371A,HP CARTOUCHE N°72 CYAN,,,14 300,00 €
367,,,C9372A,HP CARTOUCHE N° 72 magenta,,,14 300,00 €
368,,,C9373A,HP CARTOUCHE N°72 YELLOW ,,,14 300,00 €
369,,,C9374A,HP CARTOUCHE N°72 GRAY,,,14 300,00 €
370,,,C9380A,HP TETE D'IMPRESSION N°72 NOIRE /JAUNE MATE,,,14 300,00 €
371,,,C9381A,HP TÊTE D'IMPRESSION N°88 noire et jaune,,,0,00 €
372,,,C9382A,HP TÊTE D'IMPRESSION N°88 magenta et cyan,,,0,00 €
373,,,C9383A,TETE D'IMPRESSION N°72 CYAN ET MAGENTA,,,14 300,00 €
374,,,C9384A,HP TETE D'IMPRESSION GRISE / NOIR,,,14 300,00 €
375,,,C9720A,TONER NOIR 20A,,,35 000,00 €
376,,,C9721A,TONER BLEU 21A,,,35 000,00 €
377,,,C9722A,TONER JAUNE 22A,,,35 000,00 €
378,,,C9723A,TONER MAGENTA 23A,,,35 000,00 €
379,,,C9911A,HP SCANJET 5550C,,,250 000,00 €
380,,,CABLE LOGIQ,Câble logique,,,300,00 €
381,,,CACHE,Cache Expo iR 2018/2022,,,0,00 €
382,,,CACHE_RACK,CACHE POUR SERVEUR RACK,,,75 000,00 €
383,,,CAM-SD1GB-M,CARTE SD 1 GB,,,5 850,00 €
384,,,CARTE FXO,VIC2-2FXO Two port voice interface card-FXO ,,,123 900,00 €
385,,,CARTES FXS,VIC2-2FXS= Two port Voice interface card-FXS,,,123 900,00 €
386,,,CARTES FXS ET F,,,,123 900,00 €
387,,,CB029B,HP OFFICEJET J6410 :,,,0,00 €
388,,,CB035A,HP OFFICEJET J6415 :,,,0,00 €
389,,,CB038A,HP OFFICEJET PRO L7680 : ,,,0,00 €
390,,,CB041B,HP OFFICEJET K7100 :,,,0,00 €
391,,,CB366A,HP LASERJET P2015 : ,,,149 500,00 €
392,,,CB366E,PERFORELIEUSE ELECTRIQUE REXEL,,,368 016,00 €
393,,,CB367A,HP LASERJET P 2015 D,,,0,00 €
394,,,CB368A,HP LASERJET P 2015DN,,,0,00 €
395,,,CB410A,HP LASERJET P1005 :,,,90 774,00 €
396,,,CB411A,HP LASERJET P1006 (remplaçante de la 1020),,,0,00 €
397,,,CB412A,HP LASERJET P1505,,,131 137,00 €
398,,,CB442A,HP COLOR LASERJET CP3505N,,,0,00 €
399,,,CB449A,HP LASERJET P2015N : ,,,290 588,00 €
400,,,CB450A,HP LASERJET P2014 :,,,174 906,00 €
401,,,CB472A,DIGITAL SENDER HP 9250C,,,2 069 680,00 €
402,,,CB494A,HP COLOR LASERJET CP2025N :,,,0,00 €
403,,,CB495A,HP COLOR LASERJET CP2025DN :,,,0,00 €
404,,,CB504A,HP COLOR LASERJET CP4005 DN,,,0,00 €
405,,,CB509A,HP LASERJET P4015N :,,,0,00 €
406,,,CB514A,HP LASERJET P4515N : ,,,0,00 €
407,,,CB516A,HP LASERJET P 4515X,,,455 000,00 €
408,,,CB532A,HP LASERJET M2727 NF MFP (Remplaçante de la 3380 qui n'existe plus),,,0,00 €
409,,,CB537A,HP LASERJET M1120 MFP :,,,0,00 €
410,,,CB540A,HP TONER NOIR pour LASERJET CP1215/1515...,,,0,00 €
411,,,CB541A,HP TONER CYAN pour LASERJET CP1215/1515...,,,0,00 €
412,,,CB542A,HP TONER YELLOW pour LASERJET CP1215/1515...,,,0,00 €
413,,,CB543A,HP TONER MAGENTA pour LASERJET CP1215/1515...,,,0,00 €
414,,,CB632A,HP DESKJET D1460:,,,29 889,00 €
415,,,CB641B,HP DESKJET D4260 :,,,0,00 €
416,,,CB700B,HP DESKJET D4360 :,,,0,00 €
417,,,CBC01,Cisco BCMSN,,,1 300 000,00 €
418,,,CBL_KVM,CABLE SWITCH KVM,,,10 000,00 €
419,,,CBL_PLL,CABLE PARALLELE,,,3 000,00 €
420,,,CBSCI,CISCO BSCI,,,1 300 000,00 €
421,,,CC11C640041,EPSON IMPRIMANTE LX-300+ II,,,0,00 €
422,,,CC210B,HP PHOTOSMART C4280 MFP,,,74 723,00 €
423,,,CC376A,HP COLOR LASERJET CP1215,,,163 836,00 €
424,,,CC377A,HP COLOR LASERJET CP1515N :,,,0,00 €
425,,,CC431A,HP COLOR LASERJET CM1312nfi MFP :,,,0,00 €
426,,,CC435A,HP COLOR LASERJET CM2320 FXI (Tout en Un) :,,,0,00 €
427,,,CC469A,HP COLOR LASERJET CP3525N,,,0,00 €
428,,,CCIPT1,CISCO IPT1,,,0,00 €
429,,,CCNA,Cisco CCNA,,,1 000 000,00 €
430,,,CE457A,HP LASERJET P2055D :,,,0,00 €
431,,,CE459A,HP LASERJET P2055DN :,,,0,00 €
432,,,C-EXV T Y,TAMBOUR YELLOW ,,,56 550,00 €
433,,,C-EXV14,TONER CANON CEXV 14,,,48 000,00 €
434,,,C-EXV17,CARTOUCHE BLACK,,,48 000,00 €
435,,,C-EXV17 C,CARTOUCHE CYAN,,,14 300,00 €
436,,,C-EXV17 M,cartouche maganta ,,,8 775,00 €
437,,,C-EXV17 T B, TAMBOUR BLACK ,,,56 550,00 €
438,,,C-EXV17 T C,tambour cyan,,,56 550,00 €
439,,,C-EXV17 T M,TAMBOUR MAGENTA ,,,56 550,00 €
440,,,C-EXV17 Y,cartouche yellow,,,14 300,00 €
441,,,C-EXV23,tambour canon ir 2022,,,128 000,00 €
442,,,C-EXV3,tonner copieur canon ir 2200,,,23 400,00 €
443,,,C-EXV5,TAMBOUR CANONIR 1600,,,26 650,00 €
444,,,CIPS,CISCO IPS,,,0,00 €
445,,,CIPT2,CISCO CIPT2,,,0,00 €
446,,,CIS001,CISCO ISCW,,,1 300 000,00 €
447,,,CISCO 2811,SWITCH CISCO 2811,,,347 100,00 €
448,,,CISCO 851-K9,10/100 Mbps Integrated Services Router 1X10:100 Mbps WAN, 4x10/100 Mbps LAN Ports,,,211 685,00 €
449,,,CISCO1841,MODULAR ROUTEUR W,,,420 168,00 €
450,,,CISCO2801,CISCO ROUTEUR w/AC PWR, 2FE,,,646 816,00 €
451,,,CISCO2821,CISCO ROUTEUR 2821 :,,,0,00 €
452,,,CISCO2821V/K,CISCO 2821 VOICE BUNDLE PVDM2 32 SP SRV 64F/256D,,,0,00 €
453,,,CISCO3845-HSEC,3845 Bund. :,,,0,00 €
454,,,CLIP_BADGE,CLIP BADGE,,,100,00 €
455,,,CMO_PCI,CARTE MODEM PCI,,,10 000,00 €
456,,,CMO_PCMIA,CARTE MODEM PCMIA ,,,45 000,00 €
457,,,CN31,SACOCHE TARGUS ,,,6 825,00 €
458,,,CN317,"SACOCHE TARGUS NYLON 17""",,,27 000,00 €
459,,,CONT,CISCO ONT,,,1 300 000,00 €
460,,,COOLER,COOLER POUR PC P4,,,6 000,00 €
461,,,CP-7936,IP CONFERENCE STATION CISCO,,,258 050,00 €
462,,,CP-7936-CH1,Conf.Station W external mic ports,license,,,1 036 200,00 €
463,,,CP-7936-MIC-KIT,KIT MICROPHONE CISCO 7936,,,269 500,00 €
464,,,CP-7985-PAC,IP CISCO VIDEO PHONE 7985 PAL,,,258 050,00 €
465,,,CPIX,cisco PIX,,,1 300 000,00 €
466,,,CP-PWR-CORD,CISCO 7900 SERIES TRANSFORMER POWER CORD CENTRAL EUROPE,,,0,00 €
467,,,CP-PWR-CORD-CE,7900 Series Transformer Power Cord, Central Europe,,,7 700,00 €
468,,,CP-PWR-CORD-UK,IP PHONE POWER TRANSFORMER CORD CISCO 7900 SERIES,,,258 050,00 €
469,,,CP-PWR-CUBE,IP PHONE POWER TRANSFORMER pour Téléphones Série 7900,,,0,00 €
470,,,CP-PWR-CUBE-3,IP PHONE POWER TRANSFORMER CISCO 7900 SERIES,,,258 050,00 €
471,,,CQOS,CISCO QOS,,,0,00 €
472,,,CR_EICON,CARTE EICON,,,45 000,00 €
473,,,CR_EMULATEUR,CARTE D'EMULATEUR IBM,,,45 000,00 €
474,,,CR_PCI,CARTE RESEAU PCI,,,15 000,00 €
475,,,CR_PCMCIA,CARTE RESEAU PCMCIA,,,20 000,00 €
476,,,CR_TOKEN LINK,CARTE RESEAU TOKEN LINK,,,15 000,00 €
477,,,"CRT17""","ECRAN DESKTOP CRT 17""",,,170 000,00 €
478,,,CRV_2018,CHARGEUR DE DOCUMENTS RECTO-VERSO POUR CANON iR2018,,,0,00 €
479,,,CRV_2022,CHARGEUR DE DOCUMENTS RECTO-VERSO POUR iR2018 / 2022,,,0,00 €
480,,,CS-709-07/246,CREATIVE SYSTEM Rame de papier 709 07/246, de format 65 x 100 / 246g/m2,,,0,00 €
481,,,CS-709-50/246,CREATIVE SYSTEM Rame de papier 709 50/246, de format 65 x 100,,,0,00 €
482,,,CS-765-07/246,CREATIVE SYSTEM Rame de papier 765 07/246, de format 65 x 100,,,0,00 €
483,,,CS-765-50/246,CREATIVE SYSTEM Rame de papier 765 50/246, de format 65 x 100,,,0,00 €
484,,,CS-793-07/246,CREATIVE SYSTEM Rame de papier 793 07/246, de format 65 x 100,,,0,00 €
485,,,CS-793-50/246,CREATIVE SYSTEM Rame de papier 793 50/246, de format 65 x 100,,,0,00 €
486,,,CS-800-07/246,CREATIVE SYSTEM Rame de papier 800 07/246, de format 65 x 100,,,0,00 €
487,,,CS-800-50/100,CREATIVE SYSTEM Rame de papier 800 50/100, de format 65 x 100,,,0,00 €
488,,,CS-800-50/246,CREATIVE SYSTEM Rame de papier 800 50/246, de format 65 x 100,,,0,00 €
489,,,CS-803-50/101,CREATIVE SYSTEM Rame de papier 803 50/100 gr, de format 65 x 100,,,0,00 €
490,,,CS-803-50/246,CREATIVE SYSTEM Rame de papier 803 50/246, de format 65 x 1000,,,0,00 €
491,,,CSACS-4.1-WIN,CiscoSecure ACS 4.1 for Windows - Sever Licence,,,0,00 €
492,,,CSND,cisco SND,,,0,00 €
493,,,CSNPA,CISCO SNPA,,,0,00 €
494,,,CSNRS,CISCO SNRS,,,0,00 €
495,,,CTRL_SMARTML310,CONTROLEUR SMART ARRAY ML310,,,75 000,00 €
496,,,CTUC,CISCO TUC,,,0,00 €
497,,,DC172B,HP SOURIS OTPTIQUE 2 BOUTONS A MOLETTE USB,,,0,00 €
498,,,DC369A,SOURIS HP 2 BOUTONS CARBONE,,,16 250,00 €
499,,,DC615,masicot raineur duplo dc 615,,,14 854 000,00 €
500,,,DD_OP1.3GB,DISQUE DUR OPTIQUE 1.3GB,,,65 000,00 €
501,,,DDS150-4MM,CARTOUCHE DE SAUVEGARDE DDS150-4mm,,,15 000,00 €
502,,,DDS3-24GB,CARTOUCHE DE SAUVEGARDE DDS3-24GB,,,15 000,00 €
503,,,DDS512MB,CARTOUCHE DE SAUVEGARDE DDS 512MB,,,15 000,00 €
504,,,DDS72GB,CARTOUCHE DE SAUVEGARDE DDS 72GB,,,15 000,00 €
505,,,DDS90-4MM,CARTOUCHE DE SAUVEGARDE DDS 90-4mm,,,15 000,00 €
506,,,DEPA,DEPANNAGE,,,0,00 €
507,,,DES-1228P,D-LINK Commutateur Ethernet WebSmart géré avec PoE :,,,0,00 €
508,,,DGS-1024D,SWITCH D-LINK 24 PORTS,,,165 750,00 €
509,,,DJ 9650,HP DESKJET 9650,,,400 000,00 €
510,,,D-LINK24,switch D_LINK 24 Ports RJ45 10/100,,,205 000,00 €
511,,,DLT IV W-80GB,CARTOUCHE DE SAUVEGARDE DLT IV W-80GB,,,15 000,00 €
512,,,DLT IV-80GB,CARTOUCHE DE SAUVEGARDE DLT IV 80GB,,,15 000,00 €
513,,,DS-510P,D-VIEW V5 SNMP PROFESSIONNEL,,,497 250,00 €
514,,,DSC-W120S,SONY CYBER-SHOT DSC-W120,,,0,00 €
515,,,DT100/1GB,KINGSTON CLE USB 1 Go NOIRE,,,0,00 €
516,,,DT100/2GB,KINGSTON CLE USB 2 Go NOIRE,,,0,00 €
517,,,DT527A,HP CLAVIER STANDARD 2004 PS/2 ENGLISH,,,0,00 €
518,,,DT528A,HP CLAVIER STD 2004 USB QWERTY,,,0,00 €
519,,,DTI-2GB,CLE USB DATA TRAVELLER 2 Go,,,8 775,00 €
520,,,DW026A,HP LECTEUR DAT 72 Go USB INTERNAL DRIVE,,,0,00 €
521,,,DWL-G122,d-link adaptateur usb airplus 54 mbps 802.11,,,55 675,00 €
522,,,E399324,ECRAN TACTILE LCD ELO TOUCH SYSTEMS :,,,0,00 €
523,,,E85-05683,WINDOWS XP PRO SP3 UK CD,,,0,00 €
524,,,E85-05727,MICROSOFT Windows XP Pro OEM SP3,,,0,00 €
525,,,EE418AA,HAUT PARLEUR,,,15 000,00 €
526,,,EF227AT,HP LP2065 ECRAN PLAT 20.1 TFT : ,,,0,00 €
527,,,ELI2005P-3000,NITRAM ONDULEUR LINE INTERACTIF,,,0,00 €
528,,,ELI2005PR-300,NITRAM ELITE 2005 PRO 3000VA RACK 2U + LOGICIEL,,,0,00 €
529,,,EM2000,RUBAN FAX BROTHER 310/330/410,,,4 225,00 €
530,,,EM869AT,"ECRAN HP TFT 19"" L 1940",,,133 575,00 €
531,,,EM995AA,HP EXTENSION 2 GB DDR2 667 GHz,,,0,00 €
532,,,EMPS5,EPSON VIDEOPROJECTEUR EMP S5,,,0,00 €
533,,,EN CADEAU :,NORTON ANTIVIRUS 2008 FA CD RET,,,0,00 €
534,,,ENCREHP51604,ENCRE HP INVENT 5160A NOIR,,,0,00 €
535,,,EPB500001,CARTE EPB5 :16 postes simples (ROFES 197 71/ES ) pour autocom Ericsson MD Evolution,,,973 180,00 €
536,,,ERC34,RUBAN EPSON ERC34,,,10 885,00 €
537,,,ERC35,RUBAN EPSON ERC35,,,10 885,00 €
538,,,ETUDES,ETUDES,,,0,00 €
539,,,EUROSET5020,SIEMENS EUROSET 5020 :,,,0,00 €
540,,,F47-3392-000,LAMPE D'EXPOSITION IR 2200,,,42 250,00 €
541,,,FA311-2000ISS,NETGEAR CARTE 10/100,,,0,00 €
542,,,FA777AT,HP IPAQ RW6815,,,159 250,00 €
543,,,FASTNAN,RUBAN POUR BORDURE CHEQUIERS,,,225,00 €
544,,,FAX2920,BROTHER FAX 2920 : ,,,0,00 €
545,,,FAX8360P,BROTHER FAX 8360P,,,0,00 €
546,,,FB5-5145-000,FLAG MULTI PAPER SENSOR,,,5 000,00 €
547,,,FB6-2776-000,FLAG PAPER SENSOR,,,4 500,00 €
548,,,FC230,CANON COPIEUR FC 230 : ,,,0,00 €
549,,,FF5-4552-020,ROULEAU DE PRISE PAPIER,,,3 250,00 €
550,,,FF5-4634-020,ROULEAU DE SEPARATION,,,7 800,00 €
551,,,FF5-7246-000,ELIMINATEUR DE CHARGE ANTISTATIQUE,,,7 800,00 €
552,,,FF6-01O4,ROULEAU DE TRANSFERT IR 2200,,,7 000,00 €
553,,,FG6-5714-000,CYLINDRE DE DEVELOPPEMENT IR2200,,,42 861,00 €
554,,,FG6-6041-120,FIXING FILM CANON 2200,,,139 997,00 €
555,,,FG6-6297-000,LAMPE DE PRE EXPOSITION IR 2200,,,14 950,00 €
556,,,FG6-8413-000,ensemble de developpement pour CANON IR 1600,,,219,00 €
557,,,FH3-2677-020,CARTE D'ALIMENTATION IR1600,,,60 000,00 €
558,,,"FILTRE 15""","FILTRE 15""",,,15 000,00 €
559,,,"FILTRE 17""","FILTRE 17""",,,17 000,00 €
560,,,FLASH_2GB,FLASH DRIVE USB 2GB,,,32 500,00 €
561,,,FORMATION,FORMATIONS,,,0,00 €
562,,,FOUR_2200,FOUR POUR IMPRIMANTE 2200,,,125 000,00 €
563,,,FRAIS,Frais d'installation,,,0,00 €
564,,,FRAIS1,Frais de transport,,,0,00 €
565,,,FRAIS2,Frais bancaires,,,0,00 €
566,,,FS334AA,HP LAPTOP 550 : ,,,0,00 €
567,,,FU035ET,HP ORDINATEUR DC7900 SFF :,,,0,00 €
568,,,FU041ET,HP ORDINATEUR DC7900 SFF :,,,0,00 €
569,,,FU050ET,HP DC7900 SFF :,,,0,00 €
570,,,FU058EA,HP ORDINATEUR DC7900 SFF :,,,0,00 €
571,,,FU470ET,HP ELITEBOOK MOBILE WORKSTATION 8730W :,,,0,00 €
572,,,FUJ-FI5900C,FUJITSU SCANNER Fi-5900C (Câble USB2 inclus),,,0,00 €
573,,,FUJI-SCANSN5,FUJITSU SCANSNAP S510,,,0,00 €
574,,,FWP-50A14FA,fusibles pour onduleur nitram US 30KVA,,,35 075,00 €
575,,,FX3,TONER CANON FX3,,,35 750,00 €
576,,,GA311/S,NETGEAR CARTE 1000,,,0,00 €
577,,,GB969ET,HP BUSINESS NOTEBOOK 8510P :,,,0,00 €
578,,,GB987ET,HP PORTABLE 6730b :,,,0,00 €
579,,,GC117ET,HP portable 8510w win xp pro,,,1 374 620,00 €
580,,,GE012AT,HO ORDINATEUR DC5700UT :,,,0,00 €
581,,,GE012ET,HP ORDINATEUR DC5700 UT :,,,0,00 €
582,,,GE025ET,ORDINATEUR HP DC7700,,,360 000,00 €
583,,,GG458AA,"HP MONITEUR 19"" TFT L1950",,,0,00 €
584,,,GLC-SX-MM=,GE SFP, LC CONNECTOR SX TRANSCEIVER,,,0,00 €
585,,,GP26F,GPS NOMADE TAKARA / NAVTEQ,,,0,00 €
586,,,GP536AA,"HP ECRAN L1908w 19"" TFT",,,176 013,00 €
587,,,GQ651AW,HP ORDINATEUR DC7800 SFF :,,,0,00 €
588,,,GQ952ES,ORDINATEUR HP DX 2300 UT,,,214 850,00 €
589,,,GR521AA,HP NVIDIA QUADRO FX570 256 Mo,,,0,00 €
590,,,GR684ET,HP PORTABLE 6710b,,,398 125,00 €
591,,,GR690ET,PORTABLE HP 6510B,,,315 575,00 €
592,,,GR714ET,PORTABLE HP BUSINESS NOTEBOOK 6820S,,,404 424,00 €
593,,,GR829ES,PORTABLE HP BUSINNESS NOTEBOOK 6820S,,,385 728,00 €
594,,,GRANSTREAM,GRANDSSTREAM GXP 2000,,,0,00 €
595,,,GRAV_DVDIN,GRAVEUR DVD INTERNE,,,40 000,00 €
596,,,GS917AT,"HP ECRAN 17"" TFT 1710",,,150 552,00 €
597,,,GS918AT,"HP MONITEUR A ECRAN PLAT 19"" TFT",,,174 636,00 €
598,,,GV987ET,HP Ordinateur DC7800 SFF : ,,,514 755,00 €
599,,,GW202ES,HP ORDINATEUR DX2300,,,0,00 €
600,,,GX007AT,"HP L2208w TFT LARGE 22"" / 1680 x 1050 / 50 Hz",,,0,00 €
601,,,GXE 5024,GRANDSTREAM AUTOCOMMUTATEUR IP 4 lignes analogiques (30 utilisateurs) :,,,0,00 €
602,,,GXE5028,GRANDSTREAM AUTOCOM GXE-5028,,,304 193,00 €
603,,,GXP 2000,GRANDSTREAM TELEPHONE IP D'ENTREPRISE à 4 lignes :,,,0,00 €
604,,,GXP 2000-EXT,MODULE D'EXTENSION pour STANDARD GXP 2000 (56 extensions programmables),,,0,00 €
605,,,GXP 2020,TELEPHONE SIP à six lignes nouvelle génération destiné aux entreprises,,,0,00 €
606,,,GXP-2000£,GRANDSTREAM IP PHONE SIP 4 LIGNES 2 PORTS ETHERNET,,,71 721,00 €
607,,,GXV 3000,TELEPHONE SIP VIDEO nouvelle génération destiné aux entreprises :,,,0,00 €
608,,,GXW 4008,Passerelle IP  Gateway GXW 4004 :,,,0,00 €
609,,,H22-00760,MICROSOFT OFFICE PROJECT SERVER 2003,,,945 000,00 €
610,,,HANDYTONE 496,GRANDSTREAM PASSERELLE (ATA),,,0,00 €
611,,,HANDYTONE 503,Passerelle (ATA), adaptateur de téléphone analogique :,,,0,00 €
612,,,HM121HI,"SAMSUNG DISQUE DUR 2.5"" 120 Go :",,,0,00 €
613,,,HM320JI,"SAMSUNG HDD 320 Go 2.5"" S-ATA/150",,,0,00 €
614,,,HUB USB 04,HUB USB DE 04 PORTS,,,14 500,00 €
615,,,HUB USB 08,HUB USB DE 08 PORTS,,,18 500,00 €
616,,,HWIC-4ESW,FOUR PORT 10/100 ETHERNET SWITCH INTERFACE CARD,,,0,00 €
617,,,ICD-U70,SONY ENREGISTREUR VOCAL 1Go,,,78 000,00 €
618,,,IDE40GB,DISQUE DUR IDE 40 GB,,,30 000,00 €
619,,,IDE80GB,DISQUE DUR IDE 80GB,,,45 000,00 €
620,,,IMPRIMANHP3005N,IMPRIMANTE HP LASERJET P3005 N,,,0,00 €
621,,,INSTALL_IRT,INSTALLATION INFRASTRUCTURE RESEAUX ET TELECOMS,,,0,00 €
622,,,IP GXP2000,Poste téléphonique IP GXP2000,,,72 533,00 €
623,,,IPF3LOG,"Installation , et paramétrage des applications, Formation du personnel (2 personnes pendant 5 jours) ",,,2 500 000,00 €
624,,,IR 2022,IR 2022 CANON,,,964 320,00 €
625,,,IR1018,CANON COPIEUR iR1018 : ,,,0,00 €
626,,,IR1022,CANON iR 1022,,,0,00 €
627,,,IR1022F,CANON IR1022F MFP : ,,,0,00 €
628,,,IR2018,IR 2018 CANON,,,692 080,00 €
629,,,IR2018+ACCESS,CANON iR 2018 + CRV + Cache Expo,,,1 167 885,00 €
630,,,IR2022+ACCESS,CANON copieur iR 2022 + CRV + Cache Expo,,,1 627 290,00 €
631,,,IR2030,IR 2030,,,2 132 000,00 €
632,,,IR2030I,CANON COPIEUR iR 2030i (R° / V° et CRV inclus),,,0,00 €
633,,,IR210,IR 210,,,250 000,00 €
634,,,IR3045,CANON iR 3045,,,0,00 €
635,,,IR3235N,CANON COPIEUR iR 3235N,,,0,00 €
636,,,IR3245N,CANON COPIEUR iR 3245N,,,0,00 €
637,,,IR7086,CANON iR 7086,,,0,00 €
638,,,IRC3380I,CANON IRC 3380I,,,4 336 816,00 €
639,,,IRC5185I,imprimante canon irc5185i,,,12 983 410,00 €
640,,,KB784EA,ORDINATEUR HP  DX7400,,,279 500,00 €
641,,,KB785EA,ODRINATEUR DX 7400MT,,,279 500,00 €
642,,,KD090AA,HP PORTABLE 530,,,345 000,00 €
643,,,KE059ET,HP PORTABLE 6820S :,,,599 625,00 €
644,,,KE060ET,HP portable 6820S,,,540 150,00 €
645,,,KE113ET,HP PORTABLE 6720s :,,,0,00 €
646,,,KH339AV,hp portable 6730s UK ,,,771 290,00 €
647,,,KI001,,,,0,00 €
648,,,KIAPPHOTO,Appareils photo,,,0,00 €
649,,,KIIMPRIMANTES,Imprmantes,,,0,00 €
650,,,KIMOE,MAIN D'OEUVRE,,,0,00 €
651,,,KIPIECESDÉTACHE,PIECES DETACHES,,,52 650,00 €
652,,,KIRUBAN,Consommables,,,0,00 €
653,,,KISERVEUR,,,,0,00 €
654,,,KIT 9000,KIT DE MAINTENANCE LASERJET 9000,,,312 000,00 €
655,,,KIT_STYLOS,KIT 4 STYLOS + TAMPON,,,230 750,00 €
656,,,KK244ET,HP ordinateur DC 7800 SFF,,,650 719,00 €
657,,,KK245ET,HP ORDINATEUR DC 7800 SFF : ,,,352 300,00 €
658,,,KK247ET,HP ORDINATEUR DC7800 USDT :,,,0,00 €
659,,,KK373ET,HP ORDINATEUR DC5800 MT :,,,0,00 €
660,,,KOD-KDS-I620,SCANNER KODAK i620 (Connectique FIREWIRE incluse),,,0,00 €
661,,,KP236AA,HP PAVILION A6460FR,,,0,00 €
662,,,KR145AT,"HP MONITEUR 19"" TFT L1950G",,,0,00 €
663,,,KS330EA,HP Pavilion DV6740,,,971 000,00 €
664,,,KTHLJ2015/128,EXTENSION 128 Mo POUR HP LASERJET P2015,,,6 000,00 €
665,,,KTM-TP3840/10,KINGSTON EXTENSION RAM SO-DIMM DDR2-533 (PC2-4200) / 1 Go,,,0,00 €
666,,,KU 406ET,HP Ordinateur Portable 6830s :,,,0,00 €
667,,,KU406ET,HP  Ordinateur Portable 6830s :,,,540 150,00 €
668,,,KV293ET,HP ORDINATEUR DX2400 MT :,,,0,00 €
669,,,KV322EA,HP ORDINATEUR DX2400 MT : ,,,0,00 €
670,,,KV330ET,HP ORDINATEUR DX2400 :,,,0,00 €
671,,,KV337ET,HP ORDINATEUR DX2400 :,,,0,00 €
672,,,KV353ET,HP ORDINATEUR DX2400 :,,,0,00 €
673,,,KV422ET,HP ORDINATEUR DC7800 SFF,,,0,00 €
674,,,KV549ET,HP ORDINATEUR DC5850 SFF : ,,,0,00 €
675,,,KV551ET,HP ORDINATEUR DC5850 SFF : ,,,0,00 €
676,,,KV611ES,HP ORDINATEUR DX2400 :,,,0,00 €
677,,,L1910A,HP SCANJET 5590 : ,,,0,00 €
678,,,L1912A,HP SCANNER 5590P,,,1 740 375,00 €
679,,,L1942A,HP SCANJET 7650N NETWORK SCANNER (Remplaçante de 3800 qui est obsolète),,,0,00 €
680,,,L1957A,HP SCANJET G4050,,,0,00 €
681,,,L1962A,HP SCANJET 8390,,,0,00 €
682,,,L2683A,HP SCANJET N9120,,,0,00 €
683,,,L2690A,HP SCANJET N8460,,,0,00 €
684,,,L2694A,HP SCANJET G2410,,,0,00 €
685,,,L2696A,HP SCANJET G2710,,,0,00 €
686,,,L295,FAX IMPRIMANTE CANON L 295,,,250 000,00 €
687,,,LBP3260,IMPRIMANTE CANON LBP 3260,,,350 000,00 €
688,,,LCGA,Licence SESAME Comptabilité généale et Analytique,,,3 000 000,00 €
689,,,LD1000NG,NITRAM ONDULEUR LINE INTERACTIF 1000 VA + LOGICIEL,,,0,00 €
690,,,LEADER1000,ONDULEUR NITRAM 1000 VA :,,,65 500,00 €
691,,,LEC_BANDE,LECTEUR BANDE,,,45 000,00 €
692,,,LEC_CDEX,LECTEUR CD EXTERNE,,,60 000,00 €
693,,,LEC_CDI,LECTEUR CD INTERNE,,,15 000,00 €
694,,,LEC_DIKEX-USB,LECTEUR DISQUETTE EXTERNE USB,,,20 000,00 €
695,,,LEC_DISKIN,LECTEUR DISQUETTE INTERNE,,,5 000,00 €
696,,,LEC_DVDI,LECTEUR DVD INTERNE,,,20 000,00 €
697,,,LEC_LVD,LECTEUR LVD,,,45 000,00 €
698,,,LEC_ZIP100,LECTEUR ZIP 100,,,45 000,00 €
699,,,LGCOM,Licence Gestion Commerciale,,,3 000 000,00 €
700,,,LICENCE_SESAME,LICENCE SUITE SESAME,,,0,00 €
701,,,LP-3P,POINTEUR LASER 3 EN 1,,,0,00 €
702,,,LPAGCG,Comptabilité générale, analytique  et budgétaire,,,9 240 000,00 €
703,,,LPAGGA,SESAME ACHATS,,,4 840 000,00 €
704,,,LPAGGC,SESAME CLIENTS,,,4 840 000,00 €
705,,,LPAGGF,SESAME FOURNISSEURS,,,4 840 000,00 €
706,,,LPAGGS,SESAME STOCKS,,,7 260 000,00 €
707,,,LPAGIM,SESAME IMMOBILISATION,,,9 240 000,00 €
708,,,LPAGRC,SESAME RH-CARRIERES,,,4 840 000,00 €
709,,,LPAGRF,SESAME RH-FORMATION,,,4 840 000,00 €
710,,,LPAGRP,SESAME RH-PAYE,,,9 240 000,00 €
711,,,LPAGRT,SESAME RH-TEMPS,,,4 840 000,00 €
712,,,LPAGVE,SESAME VENTE,,,4 840 000,00 €
713,,,LPCAELIL,ASSISTANCE INTERFACE EDIT LIVRET,,,1 400 000,00 €
714,,,LPCAFCIC,ASSISTANCE POUR INTERFACE CHEQUE,,,644 000,00 €
715,,,LPELIL,INTERFACE EDIT LIVRET,,,17 500 000,00 €
716,,,LPFCAB,ACTIVATION D'UNE BANQUE,,,1 500 000,00 €
717,,,LPFCIC,INTERFACE CHEQUE,,,9 200 000,00 €
718,,,LPFCPF,Paramétrage 1 format chéquier,,,750 000,00 €
719,,,LPFCPL,PARAMETRAGE LETTRE CHEQUE,,,750 000,00 €
720,,,LPFCSI,SCRIPT D'IMPORTATION DES DEMANDES DE CHEQUIERS,,,1 500 000,00 €
721,,,LPFCSM,SCRIPT DE  MISE A JOUR DES CHEQUIERS FABRIQUES,,,1 500 000,00 €
722,,,LPGDOM,OPTION MAIL,,,5 500 000,00 €
723,,,LPGDOS,OPTION DE STOCKAGE SUR CD, DVD ET WORM,,,5 500 000,00 €
724,,,LPGDRC,MODULE DE REVISION ET DE CONTROLE,,,9 900 000,00 €
725,,,LPGDRC1,Module de gestion des spoopls d'impression,,,12 100 000,00 €
726,,,LPGDSC,MODULE DE SCANERISATION ET CONSULTATION,,,11 880 000,00 €
727,,,LPMAELIL,MAINTENANCE INTERFACE EDIT LIVRET,,,1 225 000,00 €
728,,,LPMAFCIC,MAINTENANCE INTERFACE CHEQUE,,,736 000,00 €
729,,,LQ 300+,EPSON LQ 300+,,,105 950,00 €
730,,,LQ 680,EPSON LQ 680,,,254 800,00 €
731,,,LR001,introduction à Redhat Linux 1 et 2,,,1 000 000,00 €
732,,,LR002,Administration système RedHat Linux ,,,1 700 000,00 €
733,,,LR003,administration Système et Réseau Redhat Linux,,,1 700 000,00 €
734,,,LS 515,SCANNER LS515,,,1 105 000,00 €
735,,,LSJ 2250L,HP LASERJET 2550L,,,350 000,00 €
736,,,LSPA,License SESAME PAYE,,,1 200 000,00 €
737,,,LUAGCG,Comptabilité générale, analytique et budgétaire,,,420 000,00 €
738,,,LUAGGA,SESAME ACHATS,,,220 000,00 €
739,,,LUAGGC,SESAME CLIENTS,,,220 000,00 €
740,,,LUAGGF,SESAME FOURNISSEURS,,,220 000,00 €
741,,,LUAGGS, SESAME Stocks  ,,,330 000,00 €
742,,,LUAGIM,SESAME IMMOBILISATION,,,420 000,00 €
743,,,LUAGRC,SESAME RH-CARRIERES,,,220 000,00 €
744,,,LUAGRF,SESAME RH- FORMATION,,,220 000,00 €
745,,,LUAGRP,SESAME RH-PAYE,,,420 000,00 €
746,,,LUAGRT,SESAME RH-TEMPS,,,220 000,00 €
747,,,LUAGVE,SESAME VENTE,,,220 000,00 €
748,,,LUCAAGCG,Assistance Comptabilité générale, analytique et budgétaire,,,29 400,00 €
749,,,LUCAAGGA,ASSISTANCE SESAME ACHATS,,,15 400,00 €
750,,,LUCAAGGC,ASSISTANCE SESAME CLIENTS,,,15 400,00 €
751,,,LUCAAGGF,ASSISTANCE SESAME FOURNISSEURS,,,15 400,00 €
752,,,LUCAAGGS,ASSISTANCE SESAME STOCKS,,,23 000,00 €
753,,,LUCAAGIM,ASSISTANCE SESAME IMMOBILISATION,,,29 400,00 €
754,,,LUCAAGRC,ASSISTANCE SESAME RH-CARRIERE,,,15 400,00 €
755,,,LUCAAGRF,ASSISTANCE SESAME RH-FORMATION,,,15 400,00 €
756,,,LUCAAGRP,ASSISTANCE SESAME RH-PAYE,,,29 400,00 €
757,,,LUCAAGRT,ASSISTANCE SESAME RH-TEMPS,,,15 400,00 €
758,,,LUCAAGVE,ASSISTANCE SESAME VENTE,,,15 400,00 €
759,,,LUCAEFDF,Assistance pour Module DSF OHADA,,,78 400,00 €
760,,,LUCAEFEE,ASSISTANCE POUR EDITEUR D'ETATS,,,78 400,00 €
761,,,LUCAEFOD,ASSISTANCE EIS (outils décisionnels),,,25 600,00 €
762,,,LUCMAGCG,maintenance Comptabilité générale, analytique et budgétaire,,,33 600,00 €
763,,,LUCMAGGA,MAINTENANCE SESAME ACHATS,,,17 600,00 €
764,,,LUCMAGGC,MAINTENANCE SESAME CLIENTS,,,17 600,00 €
765,,,LUCMAGGF,MAINTENANCE SESAME FOURNISSEURS,,,17 600,00 €
766,,,LUCMAGGS,MAINTENANCE SESAME STOCKS,,,26 400,00 €
767,,,LUCMAGIM,MAINTENANCE SESAME IMMOBILISATIONS,,,33 600,00 €
768,,,LUCMAGRC,MAINTENANCE SESAME RH-CARRIERES,,,17 600,00 €
769,,,LUCMAGRF,MAINTENANCE SESAME RH-FORMATION,,,17 600,00 €
770,,,LUCMAGRP,MAINTENANCE SESAME RH-PAYE,,,33 600,00 €
771,,,LUCMAGRT,MAINTENANCE SESAME RH-TEMPS,,,17 600,00 €
772,,,LUCMAGVE,MAINTENANCE SESAME VENTE ,,,17 600,00 €
773,,,LUEFDF,MODULE DSF OHADA,,,980 000,00 €
774,,,LUEFEE,Editeur d'états,,,980 000,00 €
775,,,LUEFOD,EIS (outils décisionnels),,,320 000,00 €
776,,,LUGDOM,OPTION MAIL,,,250 000,00 €
777,,,LUGDOS,OPTION DE STOCKAGE SUR CD, DVD ET  WORM,,,250 000,00 €
778,,,LUGDRC,MODULE DE REVISION ET DE CONTROLE,,,450 000,00 €
779,,,LUGDRC1,MODULE DE GESTION DES POOLS D'IMPRESSION,,,550 000,00 €
780,,,LUGDSC,Module de scanérisation et consultation,,,540 000,00 €
781,,,LUMAEFDF,Maintenance Module DSF OHADA,,,68 600,00 €
782,,,LUMAEFEE,MAINTENANCE EDITEUR D'ETATS,,,68 600,00 €
783,,,LUMAEFOD,MAINTENANCE EIS (outils décisionnels),,,22 400,00 €
784,,,LX.E9706.025,ACER EXTENSA 5620 :,,,0,00 €
785,,,M001,Gestion et maintenance de l'environnement Microsoft Windows Server 2003,,,800 000,00 €
786,,,M002,Implémentation de l'infrastructure Réseau sur  Microsoft Windows Server 2003: poste client,,,0,00 €
787,,,M003,Implémentation,Gestion et maintenance  de l'infrastructure Réseau sur Microsoft Windows Server 2003: Services Réseau,,,800 000,00 €
788,,,M004,planning et maintenance de l'infrastructure Réseau sur Microsoft Windows Server 2003,,,800 000,00 €
789,,,M005,Planning,implémentation et Maintenance de l'infrastucture Active Directory sur Microsoft Windows Server 2003,,,800 000,00 €
790,,,M006,conception de la sécurité sur un Réseau Microsoft,,,800 000,00 €
791,,,MAIN D OEUVRE,Main d'oeuvre pour câblage et installation des équipements,,,35 000,00 €
792,,,MAINT,Maintenance ,,,0,00 €
793,,,MICR-TJN38,TONER MICR HP38A ,,,175 000,00 €
794,,,ML110G5,HP SERVEUR PROLIANT ML110 M-Tour 4U - processeur Intel Dual Core Xéon 2160/ 1.8GHZ, Ram 1Go, Disque Dur 250 Go,,,365 904,00 €
795,,,MODULE_RACK,MODULE POUR SERVEUR RACK,,,40 000,00 €
796,,,MREP_HARD,MAINTENANCE ET REPARATION HARD,,,0,00 €
797,,,MTNCE_COPIEURS,MAINTENANCE DES COPIEURS ,,,0,00 €
798,,,MTNCE_RESEAUX,MAINTENANCE RESEAUX,,,0,00 €
799,,,MXP01,Implémentation et support sur Microsoft XP Professionel,,,800 000,00 €
800,,,NF5DFFR,LENOVO THINKPAD  R61,,,612 950,00 €
801,,,NPG11,TONER NPG11,,,20 000,00 €
802,,,OF001,Oracle Fundamental 1,,,1 500 000,00 €
803,,,OF002,Oracle Fundamental 2,,,1 500 000,00 €
804,,,OF003,Oracle Forms,,,1 500 000,00 €
805,,,OFFICE XP,OFFICE XP,,,135 000,00 €
806,,,OFFICE2000,OFFICE 2000,,,65 000,00 €
807,,,OFJ 5510,HP OFFICEJET 5510,,,200 000,00 €
808,,,ONDU-EXTERNE,APC SMAR-UPS RT 10000VA,,,0,00 €
809,,,OP001,Oracle Performance Tuning,,,1 500 000,00 €
810,,,OP002,Oracle PL/SGL,,,1 500 000,00 €
811,,,OP003,Oracle Portals,,,0,00 €
812,,,OR001,Oracle Reports,,,0,00 €
813,,,OS001,Oracle Security,,,0,00 €
814,,,OS001P,formation Oracle SQL,,,1 250 000,00 €
815,,,OS002,Oracle SQL,,,1 250 000,00 €
816,,,OU769H,"ecran plat dell 17""",,,100 000,00 €
817,,,P576H,ordinateur dell  vostro A 180 N-SERIES,,,418 542,00 €
818,,,P58-00029,MICROSOFT Basic Optical mouse,,,0,00 €
819,,,P72-02548,MICROSOFT Windows Server 2003 ENTERPRISE OEM,,,0,00 €
820,,,P72-02980,MICROSOFT WINDOWS SERVER 2008 ENTERPRISE OEM,,,0,00 €
821,,,P72602548,MICROSOFT WINDOWS SERVER 2003 ENTERPRISE OEM,,,0,00 €
822,,,P73-02745,MICROSOFT WINDOWS SERVER 2003 OEM,,,358 500,00 €
823,,,P73-04001,MICROSOFT WINDOWS SERVER 2008 STANDARD UK DVD :,,,0,00 €
824,,,PANNEAU24,PANNEAU DE BRASSAGE 24 PORTS,,,100 000,00 €
825,,,PANNEAU48,PANNEAU DE BRASSAGE 48,,,175 000,00 €
826,,,PAPIER500HP,PAPIER POUR TABLE TRACANTE 500 HP Brigt white,,,0,00 €
827,,,PC,PROFESSIONNEL COMPAQ DX2400                                                                                             ,,,430 336,00 €
828,,,PC133SDRAM1,PC133 SDRAM 64MB,,,25 350,00 €
829,,,PC133SDRAM2,PC133 SDRAM 128MB,,,15 000,00 €
830,,,PE3795-907,PEARLCOFFRE DE RANGEMENT CD/DVD,,,0,00 €
831,,,PH6T3-FR,APC PARAFOUDRE SURGEARREST HOME/OFFICE 6 PRISES,,,0,00 €
832,,,PHDC1,COVER SEMI-RIGIDE pour HDD EXTERNE,,,0,00 €
833,,,PILE_SERVEUR,PILE POUR SERVEUR,,,40 000,00 €
834,,,POT00001,Poste téléphonique numérique ALCATEL 4020 Premium Reflexes,,,46 850,00 €
835,,,POT00002,Téléphone sans fil Loewe Alphatel 4000 DA,,,90 000,00 €
836,,,PRCF,prestations sur site consultants fonctionnels,,,200 000,00 €
837,,,PRCP,PRESTATION SUR SITE CHEF DE PROJET,,,350 000,00 €
838,,,PRCT,Prestation sur site C onsultant technique,,,250 000,00 €
839,,,PRISELOGIQ,PRISE LOGIQUE PS45,,,18 000,00 €
840,,,PROJET E-MIS,Etude de décentralisation du Système de Gestion de l'Information Environnementale (E-MIS),,,13 300 000,00 €
841,,,PROTEGE_BADGE,PROTEGE BADGE,,,500,00 €
842,,,P-SDM1GB-BX,CARTE FLASH MINI SD 1Gb PNY,,,6 500,00 €
843,,,PTSB3E-00G00,TOSHIBA TECRA S10-10A :,,,0,00 €
844,,,PW478ET,HP WORKSTATION XW4600 CMT :,,,0,00 €
845,,,PX849AA,"HP ECRAN PLAT 17""",,,0,00 €
846,,,PX849AT,"ECRAN  HP 17"" L1706",,,125 000,00 €
847,,,PX976AT,EXTENSION 1 Go DDR2 667 PC2-5300,,,0,00 €
848,,,PX-PH250US/T,"PLEXTOR HDD EXTERNE 250 Go USB-2 - 2.5"" 5400 RPM",,,0,00 €
849,,,Q1276A,HP DESIGNJET 4500 MFP,,,0,00 €
850,,,Q1277A,HP DESIGNJET 4500 SCANNER,,,0,00 €
851,,,Q1338A,TONER POUR HP 4200,,,25 000,00 €
852,,,Q1339A,TONER HP Q1339A,,,87 425,00 €
853,,,Q1522B,LECTEUR DE DAT 36/72 Go USB INTERNE,,,431 730,00 €
854,,,Q1581A,HP DAT 160 USB EXTERNE,,,374 576,00 €
855,,,Q1998A,CARTOUCHE HP AIT2 50/100 Go,,,31 070,00 €
856,,,Q2425-69018-N,HP FOUR pour LASERJET 4200,,,0,00 €
857,,,Q2440B,bac d'alimantation 500 feuilles pour lasr 42xx:43xx,,,0,00 €
858,,,Q2612A,HP TONER NOIR pour LASERJET 1010/1012/1015/1022,,,30 225,00 €
859,,,Q2613A,TONER NOIR HP LASERJET 1300 SERIES,,,30 713,00 €
860,,,Q3713A,HP COLOR LASERJET 5550,,,0,00 €
861,,,Q3716A,HP COLOR LASERJET 5550 DTN,,,0,00 €
862,,,Q3851-00003,HP SCANJET 3670,,,250 000,00 €
863,,,Q3931A,hp color laser laserjet  cp6015n,,,3 483 028,00 €
864,,,Q3939A,HP COLOR LASERJET 6040f MFP :,,,0,00 €
865,,,Q3948A,HP COLOR LASERJET 2820,,,0,00 €
866,,,Q3960A,TONER NOIR HP CLJ 2550,,,35 945,00 €
867,,,Q3961A,TONER CYAN HP CLJ 2550/2840,,,43 745,00 €
868,,,Q3962A,TONER YELLOW  HP CLJ 2550/2840,,,43 745,00 €
869,,,Q3963A,TONER MAGENTA  HP CLJ 2550/2840,,,43 745,00 €
870,,,Q3964A,TAMBOUR HP LASERJET 2550,,,76 245,00 €
871,,,Q5401A,HP LASERJET 4250N :,,,914 382,00 €
872,,,Q5403A,HP LASERJET 4250 DTN :,,,1 330 614,00 €
873,,,Q5407A,HP LASERJET 4350N,,,0,00 €
874,,,Q5408A,HP LASERJET 4350TN,,,1 527 660,00 €
875,,,Q5409A,HP LASERJET 4350 DTN :,,,1 302 160,00 €
876,,,Q5422A,HP KIT DE MAINTENANCE pour LASERJET 4250/4350,,,0,00 €
877,,,Q5911A,HP LASERJET 1020,,,79 300,00 €
878,,,Q5912A,,,,79 300,00 €
879,,,Q5942A,TONER LASERJET 4250 (10000 pages),,,39 000,00 €
880,,,Q5949A,HP TONER NOIR pour LASERJET 1160/1320,,,0,00 €
881,,,Q5949X,TONER Q5949X,,,56 225,00 €
882,,,Q5987A,HP COLOR LASERJET 3600N,,,321 750,00 €
883,,,Q6000A,TONER Q6000A,,,57 800,00 €
884,,,Q6455A,HP COLOR LASERJET 2600N,,,242 987,00 €
885,,,Q6511X,TONER HP LJ2410/2420/2430,,,90 350,00 €
886,,,Q6713A,imprimante HP designet T1100 MFP ,,,23 772 177,00 €
887,,,Q7493A,HP COLOR LASERJET 4700 DN,,,0,00 €
888,,,Q7553A,TONER NOIR HP LASERJET P2015,,,34 938,00 €
889,,,Q755A,TONER NOIR HP LASERJET P2015,,,61 200,00 €
890,,,Q7560A,TONER NOIR HP CLJ 3000,,,59 150,00 €
891,,,Q7561A,TONER CYAN HP CLJ 3000,,,56 875,00 €
892,,,Q7562A,TONER YELLOW  HP CLJ 3000,,,56 875,00 €
893,,,Q7563A,TONER MAGENTA HP CLJ 3000,,,56 875,00 €
894,,,Q7812A,HP LASERJET P3005,,,0,00 €
895,,,Q7814A,HP LASERJET P3005N,,,434 525,00 €
896,,,Q7816A,HP LASERJET P3005X (DTN),,,0,00 €
897,,,Q7821A,HP COLOR  LASERJET 2605,,,260 500,00 €
898,,,Q7840A,HP LASERJET M5025 MFP,,,0,00 €
899,,,Q7916A,HP LASERJET P3005X (DTN),,,0,00 €
900,,,Q8066B,HP OFFICEJET 6315,,,82 550,00 €
901,,,Q8091A,HP OFFICEJET 4355 :,,,109 593,00 €
902,,,Q8110B,HP PHOTOSMART C4180,,,53 950,00 €
903,,,Q8220B,HP PHOTOSMART C5180,,,74 100,00 €
904,,,Q8232B,HP OFFICEJET J5780 All-In-One :,,,121 770,00 €
905,,,QWERTY,CLAVIER QWERTY,,,10 000,00 €
906,,,R18-01064,MICROSOFT Win SVR CAL 2003 FR OLP NL,,,0,00 €
907,,,RAD:148155000,ASMI-52/24V/E1/2W/ME,,,0,00 €
908,,,RAIL_RACK,RAIL POUR SERVEUR RACK,,,40 000,00 €
909,,,REGULATEUR HP,REGULATEUR HP,,,60 000,00 €
910,,,REORGA00001,Réorganisation physique et logique du Réseau du PAD et Certification,,,1 850 000,00 €
911,,,RG5-569-110CN,BLOC DE FUSION HP 2200,,,78 000,00 €
912,,,RG5-7451-1300,BLOC DE FUSION HP CLJ 4650,,,204 750,00 €
913,,,RG5-7573-1100,BLOC DE FUSION HP CLJ 2550,,,98 150,00 €
914,,,RG9-1494-0000,BLOC DE FUSION HP 1200,,,33 800,00 €
915,,,RM1-1083,HP FUSER UNIT LJ4250 :,,,0,00 €
916,,,RM1-3525-0000, HP FUSER UNIT COLOR LASERJET 2500,,,33 800,00 €
917,,,RN176ET,ORDINATEUR HP DC5700 SFF ,,,396 500,00 €
918,,,RR316AA,"HP SACOCHE CUIR POUR PORTABLE (17""°",,,0,00 €
919,,,RR801AA,HP ORDINATEUR DE BUREAU PAVILION MEDIA CENTER,,,0,00 €
920,,,RUBANEPS2180,RUBAN EPSON FX 2180,,,0,00 €
921,,,RV726AV,HP WORKSTATION XW8600 BASE UNIT : ,,,0,00 €
922,,,S55-01367,OFFICE BASIC 2007 W32 FR,,,73 450,00 €
923,,,S55-02308,MICROSOFT OFFICE BASIC 2007 OEM,,,83 312,00 €
924,,,S9001,solaris 9 System Administration1,,,1 500 000,00 €
925,,,S9002,solaris 9 system Administration 2,,,1 500 000,00 €
926,,,SA3114/02,LECTEUR PHILLIPS MP3/4,,,32 500,00 €
927,,,SATA40GB_LP,DISQUE DUR SATA 40GB POUR PORTABLE,,,60 000,00 €
928,,,SATA40GB_PC,DISQUE DUR SATA 40GB POUR PC,,,60 000,00 €
929,,,SATA500GB,DISQUE DUR SATA 500GB,,,100 000,00 €
930,,,SB340,PRISE PARASURTENSEUR NITRAM ,,,8 450,00 €
931,,,SCJ001,Core Java,,,0,00 €
932,,,SCSI36GB,DISQUE DUR SCSI 36GB,,,133 000,00 €
933,,,SCSI72GB,DISQUE DUR SCSI 72GB,,,182 000,00 €
934,,,SD/2GB,KINGSTON SECURE DIGITAL 2 Gb,,,0,00 €
935,,,SJBCD,JAVA BCD,,,0,00 €
936,,,SJWCD,Java WCD,,,0,00 €
937,,,SMARTNET,SMARTNET8X5XNBD IP Conf. Station We,,,42 900,00 €
938,,,SOCLE IR,SOCLE IR 3235N,,,769 428,50 €
939,,,SOCLE IR2030,SOCLE CANON IR2030,,,90 350,00 €
940,,,SOCLE_CANON,SOCLE BAS POUR COPIEUR CANON,,,136 161,00 €
941,,,SORECOP,TAXE SORECOP COPIE PRIVEE (Décret mis en place le 01/10/2007),,,0,00 €
942,,,SOUFFLEUR,SOUFFLEUR ELECTRIQUE,,,25 000,00 €
943,,,SOURIS_OPTIQUE,SOURIS OPTIQUE,,,65 000,00 €
944,,,SOURIS_PS2,SOURIS PS2,,,45 000,00 €
945,,,ST305004FDD1,SEAGATE FREEAGENT DESKTOP :,,,0,00 €
946,,,ST3300007LC,disque dur seagate cheetah,,,456 300,00 €
947,,,ST960815A,DISQUE DUR IDE 60 Go SEAGATE MOMENTUS,,,24 272,00 €
948,,,STAGO 64/12,agrafes stago 64/12 (boite de 5000 pieces),,,48 994,00 €
949,,,STAGO-64/8,,,,36 745,50 €
950,,,SUA3000I,APC SMART UPS 3000 VA : ,,,0,00 €
951,,,SUPPLY_SERVER,POWER SUPPLY SERVEUR,,,100 000,00 €
952,,,SUPPORT_CLRACK,SUPPORT CLAVIER RACKABLE,,,200 000,00 €
953,,,SW-CCM-UL79,LICENCE IP PHONE CISCO 7985,,,258 050,00 €
954,,,SW-CCM-UL-7936,LICENCE UTILISATEUR CISCO 7936,,,258 050,00 €
955,,,SW-CCM-UL-7985,LICENCE STATION USER IP PHONE CISCO 7980,,,258 050,00 €
956,,,SWITCH 04,SWITCH 04 PORT DLINK,,,28 000,00 €
957,,,SWITCH 08,SWITCH 08 PORTS DLINK,,,45 000,00 €
958,,,SWITCH 2960,"SWITCH 2960, 24 ports WS-C2960-24TT-L",,,725 848,00 €
959,,,T72-00668,Microsoft Win SBS STD 2003 w/sp1 French 5cl : ,,,557 692,20 €
960,,,T75-01361,MICROSOFT MEDIA SBS 2003 PREMIUN  FR,,,16 900,00 €
961,,,T75-01530,MICROSOFT SBS PREMIUN 2003 FR,,,76 050,00 €
962,,,T75-02111,MICROSOFT WINDOWS SBS 2003R2 PREMIUM,,,682 500,00 €
963,,,TAIT280N,CARTOUCHE SONY AIT 2 TURBO,,,45 000,00 €
964,,,TAMBOUR IR1210,TAMBOUR IR 1210/1230,,,56 550,00 €
965,,,TAMBOUR IR1600,TAMBOUR CANON IR1600,,,26 650,00 €
966,,,TAMBOUR IR2200,TAMBOUR IR 2200,,,56 550,00 €
967,,,TDM413E,DIGIUM TDM410P, CARTE PCI :,,,0,00 €
968,,,TIROIR_OPTIQUE,TIROIR OPTIQUE,,,25 000,00 €
969,,,TN2000,TONER BROTHER HL-2030/2040/20x,,,29 575,00 €
970,,,TN3000,TONER TN-3000 ,,,15 000,00 €
971,,,TN8000,TONER BROTHER FAX-8060/8070,,,14 788,00 €
972,,,TONER IR1210,TONER COPIEUR CANON IR 1210,,,13 650,00 €
973,,,TONER IR1600,TONER COPIEUR CANON IR1600,,,25 050,00 €
974,,,TONER IR2200,TONER COPIEUR CANON IR2200,,,23 400,00 €
975,,,TONER_E30,TONER E30 POUR ALL IN ONE E30,,,15 000,00 €
976,,,TONERHP9050,TONER ¨POUR HP 9050,,,0,00 €
977,,,TONL250CANON,TONER POUR COPIEUR CANON L 250,,,0,00 €
978,,,TRANSPORT,TRANSPORT MARCHANDISE,,,0,00 €
979,,,US10000-10KV,ONDULEUR ON LINE US10000-10KVA + LOGICIEL,,,0,00 €
980,,,US10000-10KVA,,,,2 265 120,00 €
981,,,US10000-3KVA,NITRAM ONDULEUR ON-LINE 3 KVA + LOGICIEL,,,0,00 €
982,,,US10000-6KVA,NITRAM ONDULEUR ON LINE US10000-6KVA+LOGICIEL,,,1 603 440,00 €
983,,,US30000-30KVA,ONDULEUR ON LINE 30 KVA,,,5 419 700,00 €
984,,,V11H145040,EPSON EMP 835,,,0,00 €
985,,,V11H255040,EPSON EMP 83,,,559 000,00 €
986,,,V11H305040LW,EPSON EMP TW980,,,0,00 €
987,,,V13H010L42,LAMPE EPSON EMP 83,,,273 000,00 €
988,,,VIC2-4FXO=,Four-port Voice Interface Card - FXO (Universal),,,0,00 €
989,,,VOICESTATION,VOICE STATION,,,400 000,00 €
990,,,VPL-EW5,SONY LCD PROJECTOR WXGA,,,0,00 €
991,,,VWIC-2MFT-E1=,2-Port RJ-48 Multiflex Trunk - E1,,,0,00 €
992,,,WD1200AAJS,WD HDD 120 Go S-ATA 7200 RPM 8 Mo,,,0,00 €
993,,,WD1200BEVE,"WD HDD 120 Go P-ATA 2.5""",,,0,00 €
994,,,WD1200BEVS,"WD HDD 120 Go S-ATA 2.5""",,,0,00 €
995,,,WD1600AAJS,CAVIAR SE 160GB  SATA 300 7200RPM,,,25 025,00 €
996,,,WD2500BEVS,"WESTERN DIGITAL HDD 250 Go 2.5"" S-ATA/150",,,0,00 €
997,,,WD800BB,,,,38 675,00 €
998,,,WDME3200TE,DISQUE DUR EXTERNE WD 320 Go USB2 5400 RPM,,,0,00 €
999,,,WDMEB1600TE,"WD DISQUE DUR EXTERNE 2.5"" 160Go HI-SPEED USB",,,75 718,00 €
1000,,,WDMEB3200TE,WD HDD EXTERNE ESSENTIAL 320 Go BLEU,,,0,00 €
1001,,,WDMER3200TE,WD HDD EXTERNE ESSENTIAL 320 Go ROUGE,,,0,00 €
1002,,,WDML3200TE,WD HDD EXTERNE ELITE 320 Go Titanium,,,0,00 €
1003,,,WIC-1T,CISCO PORT SERIAL WAN INTERFACE CARD 3600 : ,,,0,00 €
1004,,,WL-2410GM,outdoor AP/CPE/repeater/bridge,,,439 830,00 €
1005,,,WSC02811SEC,CISCO 2811 SEC/K9,,,1 853 420,00 €
1006,,,WS-C2960-24TC-L,CATALYST 2960 24 10/100 + 2T/SFP LAN Base Image,,,0,00 €
1007,,,WS-C296024TT,SWITCH CISCO CATALYST 2960-24TT,,,347 100,00 €
1008,,,WS-C2960-48T,CISCO CATALYST 2960-48TT-L,,,841 425,00 €
1009,,,WS-C2960-48TC-L,CATALYST 2960 48 10/100 + 2T/SFP LAN Base Image,,,0,00 €
1010,,,WS-C2960-8TC,SWITCH CISCO 2960 8 Ports  10/1OO + 1T/SFP LAN Base Image,,,258 050,00 €
1011,,,WSC356024PS,CISCO CATALYST 3560 24x10/100 PoE + 2 x SFP Standard Image,,,0,00 €
1012,,,WS-C3560G-24PS,CATALYST 3560 24 10/100/1000T PoE + 4 SFP + IPB Image,,,0,00 €
1013,,,WSC3560G48T,CISCO CATALYST 3560 48 x 10/100/1000T + 4 SFP Standard Image,,,0,00 €
1014,,,WS-C3750-24P,CISCO CATALYST 3750 24 10/100 POE + 2 SFP,,,0,00 €
1015,,,WSC3750-24PS,CISCO CATALYST 3750 24 x 10/100 PoE + 2 x SFP STANDARD IMAGE,,,0,00 €
1016,,,WS-C3750G-12S-S,CATALYST 3750 12 SFP + IPB Image,,,0,00 €
1017,,,WS-CE500-24L,CISCO SWITCH CATALYST EXPRESS 500-24LC,,,0,00 €
1018,,,WS-CE50024PC,SWITCH CISCO,,,150 000,00 €
1019,,,WS-CE500-24T,CATALYST EXPRESS 500-24 TT,,,0,00 €
1020,,,WWCUV101,MGE UPS COMET 3000,,,0,00 €
1021,,,XD206,LAMPE DE REMPLACEMENT POUR MITSUBISHI VIDEO PRO. XD 206U,,,0,00 €
1022,,,XD206U,MITSUBISHI VIDEO PROJECTEUR XD206U,,,0,00 €
1023,,,ZIP750MB,DISQUETTE ZIP 750MB,,,1 000,00 €
